"Reporting starts","Reporting ends","Ad name","Ad delivery",Impressions,Reach,Frequency,"CPM (cost per 1,000 impressions) (EUR)","Unique link clicks","Unique CTR (link click-through rate)","CPC (cost per link click) (EUR)","3-second video plays","Video plays at 25%","Video plays at 50%","Video plays at 75%","Video plays at 95%","Video plays at 100%","Video average play time","Content views","Cost per content view (EUR)",Leads,"Cost per lead (EUR)",Results,"Result indicator","Cost per results","Amount spent (EUR)","Ad set budget","Ad set budget type","Date created","Last significant edit"
2025-12-01,2025-12-15,,0,1387769,644682,2.152641,5.261575,,1.543397,,,,,,,,00:00:00,,,,,,,,7301.85,0,0,0,0
2025-12-01,2025-12-15,ad_1,not_delivering,3617,2838,1.274489,14.506497,27,0.951374,1.943333,583,45,20,14,10,10,3,,,1,52.47,,,,52.47,15,Daily,2025-11-06,0
2025-12-01,2025-12-15,ad_situazione_particolare,inactive,0,0,0,0,,0,,,,,,,,00:00:00,,,,,,,,0,15,Daily,2025-11-06,0
2025-12-01,2025-12-15,ad_2,inactive,0,0,0,0,,0,,,,,,,,00:00:00,,,,,,,,0,15,Daily,2025-11-06,0
2025-12-01,2025-12-15,ad_5,inactive,0,0,0,0,,0,,,,,,,,00:00:00,,,,,,,,0,15,Daily,2025-11-06,0
2025-12-01,2025-12-15,ad_3,active,34797,26002,1.338243,6.438773,219,0.842243,0.991372,5945,535,325,193,110,86,4,,,25,8.962,13,conversions:offsite_conversion.fb_pixel_custom.videoask_submitted,17.23461538,224.05,15,Daily,2025-11-06,0
2025-12-01,2025-12-15,ad_7,not_delivering,0,0,0,0,,0,,,,,,,,00:00:00,,,,,,,,0,15,Daily,2025-11-06,0
2025-12-01,2025-12-15,ad_4,active,18761,12266,1.529512,12.076115,121,0.986467,1.783937,2357,209,107,71,39,33,3,,,17,13.327059,6,conversions:offsite_conversion.fb_pixel_custom.videoask_submitted,37.76,226.56,15,Daily,2025-11-06,0
2025-12-01,2025-12-15,ad_6,not_delivering,0,0,0,0,,0,,,,,,,,00:00:00,,,,,,,,0,15,Daily,2025-11-06,0
2025-12-01,2025-12-15,"VIDEO_AD_ALESSIA_PASCARELLA_-_LANCIO_2_STORE_NEW - Copy",active,45463,31563,1.440389,3.27761,374,1.184932,0.387039,12265,1535,795,562,334,300,5,,,12,12.4175,12,conversions:offsite_conversion.fb_pixel_custom.generate_lead,12.4175,149.01,"Using campaign budget",0,2025-11-10,0
2025-12-01,2025-12-15,"HOOK_NEMMENO_500€SUL_CONTO+_VIDEO_AD_3K_AL_MESE_DA_CASA_CON_60_O_90_MINUTI_AL_GIORNO_V _H1_NEW - Copy",active,22,22,1,10.454545,,0,,11,1,,,,,7,,,,,,,,0.23,"Using campaign budget",0,2025-11-10,0
2025-12-01,2025-12-15,"Video_ad_educational - Copy",not_delivering,2,2,1,0,,0,,1,,,,,,4,,,,,,,,0,"Using campaign budget",0,2025-11-10,0
2025-12-01,2025-12-15,CHIARA_MAZZETTO_+_BODY_VIDEO_AD_3K_AL_MESE_DA_CASA_CON_60_O_90_MINUTI_AL_GIORNO,active,12855,9892,1.299535,17.401011,185,1.870198,1.177316,4678,302,165,106,70,47,6,,,24,9.320417,14,conversions:offsite_conversion.fb_pixel_custom.videoask_submitted,15.97785714,223.69,15,Daily,2025-11-11,0
2025-12-01,2025-12-15,CBO_ad_4,active,3,3,1,6.666667,,0,,1,,,,,,2,,,,,,,,0.02,"Using campaign budget",0,2025-11-12,0
2025-12-01,2025-12-15,CBO_BOX_DOMANDE,active,8,8,1,25,,0,,2,1,1,,,,6,,,,,,,,0.2,"Using campaign budget",0,2025-11-12,0
2025-12-01,2025-12-15,CBO_Video_ad_educational,not_delivering,2,2,1,0,,0,,,,,,,,1,,,,,,,,0,"Using campaign budget",0,2025-11-12,0
2025-12-01,2025-12-15,CBO_VIDEO_AD_ALESSIA_PASCARELLA_+_ANTONIO_MALINGONICO_N,active,5152,4612,1.117086,7.705745,41,0.888985,0.968293,1388,141,72,57,32,21,6,,,4,9.925,3,conversions:offsite_conversion.fb_pixel_custom.generate_lead,13.23333333,39.7,"Using campaign budget",0,2025-11-12,0
2025-12-01,2025-12-15,CBO_VIDEO_AD_ALESSIA_PASCARELLA_-_LANCIO_2_STORE_N,active,276509,218614,1.264828,5.854638,2784,1.273477,0.565442,72729,12240,6440,4364,2243,1868,5,,,220,7.358455,219,conversions:offsite_conversion.fb_pixel_custom.generate_lead,7.39205479,1618.86,"Using campaign budget",0,2025-11-12,0
2025-12-01,2025-12-15,CBO_HOOK_NEMMENO_500€SUL_CONTO+_VIDEO_AD_3K_AL_MESE_DA_CASA_CON_60_O_90_MINUTI_AL_GIORNO_V,active,746,672,1.110119,9.209115,9,1.339286,0.763333,207,16,10,6,4,2,4,,,1,6.87,1,conversions:offsite_conversion.fb_pixel_custom.generate_lead,6.87,6.87,"Using campaign budget",0,2025-11-12,0
2025-12-01,2025-12-15,CBO_HOOK_BIANCO_E_NERO_MOLTI_MI_CHIEDONO_MARCO_MA_COME_SI_FA_A..._+_VIDEO_AD_3K_AL_MESE_DA_CASA_CON_60_O_90_MINUTI_AL_GIORNO_V,active,99485,77156,1.289401,6.383575,992,1.285707,0.622618,27385,2694,1525,1049,526,395,6,,,73,8.699589,74,conversions:offsite_conversion.fb_pixel_custom.generate_lead,8.58202703,635.07,"Using campaign budget",0,2025-11-12,0
2025-12-01,2025-12-15,SUSY_-_Vuoi_guadagnare_senza_fare_niente,active,62569,51465,1.215758,3.569339,1646,3.19829,0.123319,17606,3452,2446,1358,748,370,10,,,318,0.702296,177,conversions:offsite_conversion.fb_pixel_custom.videoask_submitted,1.26175141,223.33,15,Daily,2025-11-19,0
2025-12-01,2025-12-15,CENA_IN_FAMIGLIA,active,23232,16957,1.370054,9.623364,209,1.232529,0.93937,4888,1241,587,398,177,159,3,,,18,12.420556,13,conversions:offsite_conversion.fb_pixel_custom.videoask_submitted,17.19769231,223.57,15,Daily,2025-11-19,0
2025-12-01,2025-12-15,PERSONE_NON_CREDONO,active,20210,12691,1.592467,11.116279,213,1.678355,0.976783,2988,566,398,247,141,120,3,,,25,8.9864,9,conversions:offsite_conversion.fb_pixel_custom.videoask_submitted,24.96222222,224.66,15,Daily,2025-11-27,0
2025-12-01,2025-12-15,FORESTA,archived,0,0,0,0,,0,,,,,,,,00:00:00,,,,,,,,0,15,Daily,2025-11-27,0
2025-12-01,2025-12-15,FORESTA_2,active,17014,10618,1.602373,10.609498,198,1.864758,0.68635,3347,1740,972,402,256,225,5,,,12,15.0425,7,conversions:offsite_conversion.fb_pixel_custom.videoask_submitted,25.78714286,180.51,15,Daily,2025-12-03,2025-12-03T23:38:19+0100
2025-12-01,2025-12-15,ALESSIA_URLA_A_LUCA,active,7323,5651,1.295877,8.310802,55,0.973279,1.067719,1481,186,96,62,39,31,4,,,4,15.215,4,conversions:offsite_conversion.fb_pixel_custom.videoask_submitted,15.215,60.86,15,Daily,2025-12-11,0
2025-12-01,2025-12-15,HOOK_MOLTI_MI_CHIEDONO_+_VIDEO_ADV_APP_VERDE_H2_NEW,not_delivering,0,0,0,0,,0,,,,,,,,00:00:00,,,,,,,,0,15,Daily,2025-10-20,2025-10-20T14:01:17+0200
2025-12-01,2025-12-15,VIDEO_AD_ALESSIA_PASCARELLA_+_ANTONIO_MALINGONICO_NEW,active,97254,74551,1.30453,4.582845,737,0.988585,0.591899,19081,1615,881,731,384,126,4,,,37,12.045946,19,conversions:offsite_conversion.fb_pixel_custom.videoask_submitted,23.45789474,445.7,30,Daily,2025-10-20,2025-10-20T14:01:18+0200
2025-12-01,2025-12-15,HOOK_BRUTTO_BASTARDO_+_BODY_RISPOSTA_COMMENTO_NEGATIVO_1_NEW,active,44301,34380,1.288569,5.030812,450,1.308901,0.459526,9455,1989,672,354,198,152,5,,,50,4.4574,31,conversions:offsite_conversion.fb_pixel_custom.videoask_submitted,7.18935484,222.87,15,Daily,2025-10-20,2025-10-20T14:01:21+0200
2025-12-01,2025-12-15,HOOK_BIANCO_E_NERO_MOLTI_MI_CHIEDONO_MARCO_MA_COME_SI_FA_A..._+_VIDEO_AD_3K_AL_MESE_DA_CASA_CON_60_O_90_MINUTI_AL_GIORNO_V_NEW,active,50020,42065,1.189112,4.792483,353,0.839177,0.665889,13649,1181,600,406,185,131,6,,,24,9.988333,23,conversions:offsite_conversion.fb_pixel_custom.videoask_submitted,10.4226087,239.72,15,Daily,2025-10-20,2025-11-10T03:28:15+0100
2025-12-01,2025-12-15,"HOOK_NEMMENO_500€SUL_CONTO+_VIDEO_AD_3K_AL_MESE_DA_CASA_CON_60_O_90_MINUTI_AL_GIORNO_V _H1_NEW",active,65733,51109,1.286134,9.057855,639,1.250269,0.900756,20687,1538,846,552,292,212,5,,,60,9.923333,38,conversions:offsite_conversion.fb_pixel_custom.videoask_submitted,15.66842105,595.4,40,Daily,2025-10-20,2025-10-20T14:01:27+0200
2025-12-01,2025-12-15,VIDEO_AD_ALESSIA_PASCARELLA_-_LANCIO_2_STORE_NEW,active,101880,89384,1.139801,4.379172,816,0.912915,0.525501,24282,4330,2158,1432,676,585,5,,,73,6.111644,53,conversions:offsite_conversion.fb_pixel_custom.videoask_submitted,8.41792453,446.15,30,Daily,2025-10-20,2025-10-20T14:01:21+0200
2025-12-01,2025-12-15,Video_ad_educational,active,44076,35411,1.244698,5.074644,209,0.590212,1.030737,8571,1775,817,562,351,288,4,,,26,8.602692,16,conversions:offsite_conversion.fb_pixel_custom.videoask_submitted,13.979375,223.67,15,Daily,2025-10-20,2025-11-17T21:09:52+0100
2025-12-01,2025-12-15,BOX_DOMANDE_bis_new,active,41188,25861,1.592669,10.82694,402,1.554464,0.982247,6664,1678,900,381,286,260,3,,,34,13.115882,23,conversions:offsite_conversion.fb_pixel_custom.videoask_submitted,19.38869565,445.94,30,Daily,2025-10-20,2025-10-20T14:03:14+0200
2025-12-01,2025-12-15,Video_ad_educational_CON_COMMENTI,inactive,0,0,0,0,,0,,,,,,,,00:00:00,,,,,,,,0,15,Daily,2025-10-29,2025-10-29T22:06:13+0100
2025-12-01,2025-12-15,"Video lungo 1",active,161559,79345,2.036159,1.835181,2,0.002521,148.245,102604,365,223,135,104,90,12,,,,,23341,video_thruplay_watched_actions,0.01270254,296.49,20,Daily,2025-10-31,2025-11-08T17:09:52+0100
2025-12-01,2025-12-15,"Video lungo F",active,153988,89737,1.715992,1.923851,1,0.001114,296.25,101176,192,90,69,52,47,12,,,,,22998,video_thruplay_watched_actions,0.01288155,296.25,20,Daily,2025-11-05,2025-11-08T17:09:48+0100
